{
  "Total" : {
    "transaction" : "Total",
    "sampleCount" : 6467,
    "errorCount" : 0,
    "errorPct" : 0.0,
    "meanResTime" : 2835.134993041596,
    "medianResTime" : 1959.0,
    "minResTime" : 78.0,
    "maxResTime" : 11308.0,
    "pct1ResTime" : 6802.2,
    "pct2ResTime" : 7811.199999999999,
    "pct3ResTime" : 10165.64,
    "throughput" : 52.76513111731206,
    "receivedKBytesPerSec" : 33.75113367367128,
    "sentKBytesPerSec" : 9.223592255858259
  },
  "100 users" : {
    "transaction" : "100 users",
    "sampleCount" : 1525,
    "errorCount" : 0,
    "errorPct" : 0.0,
    "meanResTime" : 1818.6196721311496,
    "medianResTime" : 1704.0,
    "minResTime" : 110.0,
    "maxResTime" : 4310.0,
    "pct1ResTime" : 3359.0000000000005,
    "pct2ResTime" : 3669.0,
    "pct3ResTime" : 3981.1800000000003,
    "throughput" : 50.37991410637595,
    "receivedKBytesPerSec" : 32.225433339527584,
    "sentKBytesPerSec" : 8.806645141641889
  },
  "50 users" : {
    "transaction" : "50 users",
    "sampleCount" : 1808,
    "errorCount" : 0,
    "errorPct" : 0.0,
    "meanResTime" : 763.9551991150447,
    "medianResTime" : 715.0,
    "minResTime" : 78.0,
    "maxResTime" : 1902.0,
    "pct1ResTime" : 1373.1000000000001,
    "pct2ResTime" : 1517.2999999999997,
    "pct3ResTime" : 1753.2800000000007,
    "throughput" : 60.05846399149615,
    "receivedKBytesPerSec" : 38.41630265081052,
    "sentKBytesPerSec" : 10.498501029763487
  },
  "200 users" : {
    "transaction" : "200 users",
    "sampleCount" : 1558,
    "errorCount" : 0,
    "errorPct" : 0.0,
    "meanResTime" : 3538.1957637997407,
    "medianResTime" : 3576.5,
    "minResTime" : 122.0,
    "maxResTime" : 7900.0,
    "pct1ResTime" : 6682.500000000001,
    "pct2ResTime" : 7038.0,
    "pct3ResTime" : 7594.1500000000015,
    "throughput" : 51.62530236257,
    "receivedKBytesPerSec" : 33.02204399168296,
    "sentKBytesPerSec" : 9.02434484658206
  },
  "300 users" : {
    "transaction" : "300 users",
    "sampleCount" : 1576,
    "errorCount" : 0,
    "errorPct" : 0.0,
    "meanResTime" : 5499.79885786803,
    "medianResTime" : 5394.5,
    "minResTime" : 133.0,
    "maxResTime" : 11308.0,
    "pct1ResTime" : 9069.399999999998,
    "pct2ResTime" : 9965.549999999996,
    "pct3ResTime" : 10974.44,
    "throughput" : 49.2484609855942,
    "receivedKBytesPerSec" : 31.501701118715044,
    "sentKBytesPerSec" : 8.608861832442736
  }
}